lat,lon,zone
32.158771,34.851786,דרום
32.156551,34.838283,דרום
32.177342,34.812868,מערב
32.166429,34.84732,מרכז
32.159253,34.84702,דרום
32.166502,34.834376,מרכז
32.169852,34.863197,מזרח
32.179152,34.84495,צפון
32.180047,34.842885,צפון
32.159135,34.835842,דרום
32.162592,34.844852,מרכז
32.158192,34.835771,דרום
32.170727,34.850649,צפון
32.167106,34.832658,מרכז
32.154799,34.848254,דרום
32.167739,34.847759,מרכז
32.171646,34.846095,צפון
32.156822,34.835452,דרום
32.168833,34.844466,מרכז
32.173803,34.816672,צפון
32.173326,34.819133,צפון
32.185092,34.814517,מחוץ לתחום
32.155189,34.845909,דרום
32.165397,34.839425,מרכז
32.169615,34.835788,מרכז
32.168193,34.841942,מרכז
32.167342,34.8094,מערב
32.164022,34.858076,מזרח
32.162834,34.833979,מרכז
32.165514,34.835046,מרכז
32.175821,34.819261,צפון
32.166615,34.841495,מרכז
32.168267,34.833756,מרכז
32.174481,34.84448,צפון
32.171912,34.858031,מזרח
32.160535,34.850863,מרכז
32.169122,34.837217,מרכז
32.189479,34.808439,מחוץ לתחום
32.154883,34.838276,דרום
32.153796,34.850065,דרום
32.175934,34.812627,מערב
32.171583,34.845313,צפון
32.188425,34.810577,מחוץ לתחום
32.173275,34.820052,צפון
32.170138,34.850062,צפון
32.174469,34.837232,צפון
32.162686,34.854206,מזרח
32.158998,34.848868,דרום
32.17192,34.802278,מערב
32.175475,34.838744,צפון
32.16242,34.854383,מזרח
32.161273,34.834685,מרכז
32.174408,34.848603,צפון
32.170021,34.848805,צפון
32.170507,34.836194,צפון
32.172682,34.833652,צפון
32.187056,34.809348,מחוץ לתחום
32.167251,34.841598,מרכז
32.170887,34.836862,צפון
32.186139,34.810508,מחוץ לתחום
32.169064,34.836369,מרכז
32.162439,34.834972,מרכז
32.166849,34.806461,מערב
32.169604,34.84425,מרכז
32.157804,34.84501,דרום
32.155808,34.843658,דרום
32.177336,34.84648,צפון
32.172486,34.803821,מערב
32.162551,34.863281,מזרח
32.167524,34.808856,מערב
32.17772,34.807679,מערב
32.155324,34.844152,דרום
32.172641,34.806376,מערב
32.172049,34.833763,צפון
32.177433,34.845707,צפון
32.168935,34.809643,מערב
32.171638,34.84854,צפון
32.166642,34.845404,מרכז
32.162422,34.837559,מרכז
32.169004,34.837893,מרכז
32.183546,34.804443,מערב
32.163101,34.833664,מרכז
32.176107,34.82012,צפון
32.16866,34.832913,מרכז
32.163728,34.861523,מזרח
32.164103,34.82615,מרכז
32.168346,34.834079,מרכז
32.17121,34.838458,צפון
32.159891,34.850733,דרום
32.16929,34.839885,מרכז
32.167725,34.844823,מרכז
32.168814,34.857131,מזרח
32.165682,34.844569,מרכז
32.174849,34.855638,מזרח
32.173017,34.830928,צפון
32.160637,34.860779,מזרח
32.174079,34.817324,צפון
32.176026,34.818058,צפון
32.172298,34.854392,מזרח
32.164059,34.836736,מרכז
32.171518,34.846865,צפון
32.163491,34.836905,מרכז
32.171812,34.840506,צפון
32.1635,34.843976,מרכז
32.172904,34.855129,מזרח
32.151636,34.843663,דרום
32.163227,34.838245,מרכז
32.167913,34.803205,מערב
32.16398,34.857878,מזרח
32.166693,34.841,מרכז
32.169234,34.834365,מרכז
32.168634,34.859238,מזרח
32.165179,34.848624,מרכז
32.171062,34.841352,צפון
32.15068,34.848559,דרום
32.185839,34.812454,מחוץ לתחום
32.169533,34.849061,מרכז
32.170409,34.841676,צפון
32.15972,34.846974,דרום
32.168919,34.836294,מרכז
32.171955,34.817018,צפון
32.170926,34.841245,צפון
32.163615,34.83418,מרכז
32.166273,34.80531,מערב
32.16905,34.840117,מרכז
32.171946,34.851525,צפון
32.169897,34.846174,מרכז
32.157926,34.817427,הרצליה ב
32.169579,34.838867,מרכז
32.172712,34.815788,צפון
32.171062,34.843255,צפון
32.189815,34.815291,מחוץ לתחום
32.810257,34.993199,מחוץ לתחום
32.176086,34.814236,מערב
32.164317,34.834383,מרכז
32.17161,34.84169,צפון
32.16258,34.856693,מזרח
32.171059,34.80727,מערב
32.163058,34.848011,מרכז
32.158625,34.844583,דרום
32.178152,34.817317,צפון
32.150275,34.848452,דרום
32.15009,34.848052,דרום
32.174316,34.806033,מערב
32.155988,34.848463,דרום
32.172137,34.839906,צפון
32.161893,34.824327,מרכז
32.17181,34.85966,מזרח
32.8166,34.990057,מחוץ לתחום
32.168653,34.840013,מרכז
32.176543,34.852398,מזרח
32.165488,34.850725,מרכז
32.17346,34.835452,צפון
32.180455,34.813398,מערב
32.166002,34.847584,מרכז
32.173087,34.829312,צפון
32.167672,34.849929,מרכז
32.168715,34.84066,מרכז
32.15519,34.841296,דרום
32.161466,34.851948,מרכז
32.173451,34.831523,צפון
32.154258,34.846107,דרום
32.177661,34.85283,מזרח
32.177265,34.854182,מזרח
32.162076,34.84785,מרכז
32.156043,34.835396,דרום
32.169005,34.850581,מרכז
32.155313,34.834365,דרום
32.163944,34.842566,מרכז
32.178935,34.842076,צפון
32.158073,34.846972,דרום
32.167168,34.832447,מרכז
32.165657,34.836674,מרכז
32.168852,34.847311,מרכז
32.174318,34.845296,צפון
32.162137,34.855718,מזרח
32.177244,34.849594,צפון
32.185574,34.809412,מחוץ לתחום
32.155085,34.836515,דרום
32.173657,34.808155,מערב
32.170583,34.812638,מערב
32.170455,34.811679,מערב
32.165671,34.843846,מרכז
32.155974,34.850989,דרום
32.173898,34.842826,צפון
32.172942,34.810979,מערב
32.170553,34.843554,צפון
32.159737,34.843316,דרום
32.167246,34.840474,מרכז
32.154506,34.848726,דרום
32.17399,34.849883,צפון
32.167843,34.857427,מזרח
32.162111,34.825004,מרכז
32.166946,34.85833,מזרח
32.172415,34.849989,צפון
32.162152,34.851713,מרכז
32.153114,34.850727,דרום
32.166046,34.842319,מרכז
32.156228,34.851001,דרום
32.158099,34.838299,דרום
32.165025,34.838908,מרכז
32.17053,34.842025,צפון
32.16414,34.831915,מרכז
32.152535,34.849497,דרום
32.166392,34.849696,מרכז
32.169871,34.849349,מרכז
32.167522,34.80696,מערב
32.155124,34.846865,דרום
32.175336,34.850625,צפון
32.163951,34.842139,מרכז
32.175712,34.844053,צפון
32.17089,34.846727,צפון
32.16942,34.834049,מרכז
32.169868,34.8056,מערב
32.171509,34.847694,צפון
32.162984,34.834435,מרכז
32.166859,34.851318,מרכז
32.168376,34.852304,מזרח
32.170375,34.817902,צפון
32.159813,34.822039,הרצליה ב
32.189844,34.810724,מחוץ לתחום
32.166809,34.834522,מרכז
32.17086,34.842354,צפון
32.155569,34.845484,דרום
32.165556,34.815667,מרכז
32.166306,34.842135,מרכז
32.177191,34.848672,צפון
32.171168,34.850208,צפון
32.164453,34.808979,מערב
32.157724,34.842258,דרום
32.157494,34.839525,דרום
32.166477,34.862796,מזרח
32.157747,34.842685,דרום
32.155866,34.846368,דרום
32.166289,34.837779,מרכז
32.166049,34.856376,מזרח
32.151252,34.845144,דרום
32.152853,34.848256,דרום
32.16593,34.80368,מערב
32.177838,34.844599,צפון
32.16783,34.844185,מרכז
32.165745,34.816349,מרכז
32.153032,34.849259,דרום
32.153741,34.8444,דרום
32.16449,34.830711,מרכז
32.181706,34.813779,מערב
32.168428,34.800488,מערב
32.16155,34.844469,מרכז
32.172884,34.817801,צפון
32.171789,34.841889,צפון
32.167058,34.837384,מרכז
32.157179,34.84241,דרום
32.163894,34.838307,מרכז
32.156127,34.839803,דרום
32.175125,34.839388,צפון
32.16331,34.847702,מרכז
32.16495,34.839225,מרכז
32.16814,34.841369,מרכז
32.170744,34.800726,מערב
32.170881,34.828866,צפון
32.167501,34.837214,מרכז
32.1699,34.844978,מרכז
32.165665,34.846,מרכז
32.170432,34.832481,צפון
32.172786,34.834448,צפון
32.190552,34.81423,מחוץ לתחום
32.161228,34.857356,מזרח
32.178612,34.850698,צפון
32.164411,34.837622,מרכז
32.816298,34.990707,מחוץ לתחום
32.16459,34.846641,מרכז
32.175399,34.829723,צפון
32.168399,34.832122,מרכז
32.152836,34.848914,דרום
32.168809,34.812831,מערב
32.164091,34.841772,מרכז
32.158443,34.851045,דרום
32.166293,34.831789,מרכז
32.163638,34.841648,מרכז
32.165209,34.840545,מרכז
32.174514,34.833641,צפון
32.169973,34.803775,מערב
32.170799,34.849544,צפון
32.171261,34.806,מערב
32.16503,34.811804,מערב
32.168418,34.836032,מרכז
32.158765,34.848069,דרום
32.159949,34.864112,מזרח
32.161155,34.842202,מרכז
32.172002,34.845502,צפון
32.152253,34.843559,דרום
32.169762,34.840399,מרכז
32.168735,34.834629,מרכז
32.170187,34.837871,צפון
32.171484,34.843249,צפון
32.189015,34.814781,מחוץ לתחום
32.174877,34.814889,מערב
32.152983,34.84135,דרום
32.159838,34.792771,מערב
32.170397,34.857278,מזרח
32.168101,34.839745,מרכז
32.163587,34.85379,מזרח
32.158037,34.845716,דרום
32.159208,34.851892,דרום
32.159178,34.844588,דרום
32.161698,34.850017,מרכז
32.16815,34.84294,מרכז
32.164618,34.839516,מרכז
32.176475,34.80566,מערב
32.165128,34.836295,מרכז
32.17654,34.841132,צפון
32.165042,34.849828,מרכז
32.174487,34.811086,מערב
32.153675,34.841852,דרום
32.166869,34.847261,מרכז
32.184763,34.810091,מערב
32.166001,34.841219,מרכז
32.17074,34.839312,צפון
32.157807,34.847869,דרום
32.17284,34.846823,צפון
32.170216,34.84736,צפון
32.158625,34.823081,הרצליה ב
32.173014,34.842762,צפון
32.168869,34.845324,מרכז
32.165117,34.841553,מרכז
32.152088,34.845881,דרום
32.168846,34.846132,מרכז
32.167804,34.842797,מרכז
32.165455,34.841825,מרכז
32.157627,34.842104,דרום
32.161252,34.847445,מרכז
32.16905,34.843163,מרכז
32.160691,34.855447,מזרח
32.1693,34.807421,מערב
32.168301,34.846893,מרכז
32.183097,34.834401,צפון
32.156357,34.84367,דרום
32.175887,34.849451,צפון
32.178158,34.809343,מערב
32.161518,34.851108,מרכז
32.173111,34.83091,צפון
32.159211,34.837468,דרום
32.165074,34.841134,מרכז
32.169648,34.861231,מזרח
32.16047,34.84156,מרכז
32.166622,34.855128,מזרח
32.153796,34.850103,דרום
32.17489,34.842446,צפון
32.178851,34.845782,צפון
32.182785,34.837067,צפון
32.165645,34.84303,מרכז
32.174387,34.845778,צפון
32.167956,34.863136,מזרח
32.16483,34.84211,מרכז
32.169871,34.838299,מרכז
32.168998,34.818015,מרכז
32.152888,34.84922,דרום
32.177917,34.847608,צפון
32.15349,34.84926,דרום
32.162562,34.830814,מרכז
32.167359,34.82377,מרכז
32.166895,34.832462,מרכז
32.168069,34.859171,מזרח
32.160486,34.861722,מזרח
32.167494,34.857835,מזרח
32.164627,34.852157,מזרח
32.15568,34.835596,דרום
32.172159,34.843805,צפון
32.178962,34.844084,צפון
32.152082,34.850024,דרום
32.166752,34.840052,מרכז
32.164452,34.841225,מרכז
32.167499,34.834502,מרכז
32.153258,34.840151,דרום
32.160776,34.825705,מרכז
32.163515,34.83738,מרכז
32.168855,34.85631,מזרח
32.17069,34.813626,מערב
32.163618,34.828147,מרכז
32.164717,34.832085,מרכז
32.163206,34.839901,מרכז
32.160757,34.837564,מרכז
32.171025,34.83967,צפון
32.157964,34.849699,דרום
32.165781,34.828242,מרכז
32.166578,34.846597,מרכז
32.161811,34.841282,מרכז
32.166517,34.841024,מרכז
32.155295,34.837396,דרום
32.175507,34.842385,צפון
32.163111,34.845472,מרכז
32.160313,34.847799,מרכז
32.167645,34.841281,מרכז
32.161155,34.856095,מזרח
32.165182,34.839194,מרכז
32.164644,34.832537,מרכז
32.175754,34.834919,צפון
32.165292,34.843664,מרכז
32.171086,34.803971,מערב
32.165694,34.834231,מרכז
32.16337,34.84085,מרכז
32.177559,34.804094,מערב
32.173034,34.804519,מערב
32.164319,34.828002,מרכז
32.173967,34.805458,מערב
32.167532,34.850165,מרכז
32.17206,34.815768,צפון
32.167164,34.831387,מרכז
32.162484,34.852981,מזרח
32.177011,34.802302,מערב
32.167729,34.841306,מרכז
32.163187,34.853228,מזרח
32.16187,34.845462,מרכז
32.169788,34.83711,מרכז
32.153853,34.838911,דרום
32.166843,34.814382,מערב
32.16844,34.833335,מרכז
32.157814,34.843402,דרום
32.154368,34.848189,דרום
32.167087,34.848408,מרכז
32.18851,34.813846,מחוץ לתחום
32.181477,34.839051,צפון
32.166746,34.800944,מערב
32.163286,34.837443,מרכז
32.175239,34.837927,צפון
32.170617,34.842449,צפון
32.174152,34.817783,צפון
32.161774,34.85176,מרכז
32.164509,34.840997,מרכז
32.165625,34.846902,מרכז
32.167333,34.847467,מרכז
32.165656,34.84673,מרכז
32.161813,34.85811,מזרח
32.16158,34.862877,מזרח
32.159902,34.841989,דרום
32.189848,34.813803,מחוץ לתחום
32.176704,34.80609,מערב
32.165368,34.830606,מרכז
32.177383,34.844745,צפון
32.175416,34.851399,צפון
32.189906,34.813472,מחוץ לתחום
32.176589,34.85159,צפון
32.176819,34.821585,צפון
32.163413,34.837491,מרכז
32.169187,34.836734,מרכז
32.167059,34.850396,מרכז
32.185364,34.838991,מחוץ לתחום
32.169025,34.847232,מרכז
32.156209,34.850871,דרום
32.157144,34.849438,דרום
32.163964,34.795898,מערב
32.173053,34.813561,מערב
32.17941,34.819077,צפון
32.168371,34.839404,מרכז
32.164874,34.845664,מרכז
32.16328,34.842804,מרכז
32.174301,34.83626,צפון
32.151635,34.849486,דרום
32.177328,34.850483,צפון
32.163721,34.842925,מרכז
32.176465,34.853901,מזרח
32.183423,34.837475,צפון
32.180941,34.813366,מערב
32.17424,34.84334,צפון
32.161524,34.850577,מרכז
32.161809,34.845961,מרכז
32.183158,34.835589,צפון
32.164603,34.812223,מערב
32.170026,34.809314,מערב
32.179243,34.842809,צפון
32.176582,34.850481,צפון
32.159047,34.821782,הרצליה ב
32.165087,34.860207,מזרח
32.175533,34.839811,צפון
32.154984,34.835701,דרום
32.171421,34.832678,צפון
32.177334,34.814462,מערב
32.168782,34.833847,מרכז
32.170986,34.840754,צפון
32.17886,34.82507,צפון
32.166623,34.848418,מרכז
32.160126,34.846926,מרכז
32.161315,34.860435,מזרח
32.161349,34.848871,מרכז
32.162378,34.850652,מרכז
32.160783,34.85985,מזרח
32.168587,34.841604,מרכז
32.175835,34.842708,צפון
32.169556,34.857418,מזרח
32.163999,34.852146,מזרח
32.167573,34.835247,מרכז
32.174994,34.838897,צפון
32.179347,34.806044,מערב
32.162156,34.845662,מרכז
32.166022,34.83443,מרכז
32.163577,34.810594,מערב
32.162685,34.860483,מזרח
32.810087,34.994277,מחוץ לתחום
32.174306,34.840659,צפון
32.169642,34.856039,מזרח
32.166972,34.83078,מרכז
32.176947,34.847935,צפון
32.163744,34.811527,מערב
32.159035,34.842535,דרום
32.169319,34.838152,מרכז
32.163258,34.845807,מרכז
32.170479,34.837547,צפון
32.17923,34.812754,מערב
32.165741,34.835918,מרכז
32.158548,34.841356,דרום
32.173144,34.819548,צפון
32.161179,34.850046,מרכז
32.168636,34.839539,מרכז
32.167254,34.842801,מרכז
32.164932,34.843165,מרכז
32.162863,34.8393,מרכז
32.154421,34.840173,דרום
32.165381,34.828523,מרכז
32.171068,34.845623,צפון
32.17475,34.817328,צפון
32.17147,34.813641,מערב
32.170816,34.838318,צפון
32.153423,34.848323,דרום
32.172843,34.841445,צפון
32.17775,34.816893,צפון
32.168564,34.841912,מרכז
32.168265,34.833235,מרכז
32.168236,34.848628,מרכז
32.159606,34.823037,הרצליה ב
32.160591,34.842448,מרכז
32.168274,34.818267,מרכז
32.163302,34.860643,מזרח
32.174747,34.847833,צפון
32.168701,34.836849,מרכז
32.164302,34.85404,מזרח
32.175424,34.821128,צפון
32.165788,34.848229,מרכז
32.155984,34.816293,הרצליה ב
32.156034,34.816198,הרצליה ב
32.149586,34.848231,דרום
32.174879,34.842525,צפון
32.165959,34.858923,מזרח
32.170236,34.842416,צפון
32.165103,34.84717,מרכז
32.159969,34.861035,מזרח
32.163392,34.850016,מרכז
32.169026,34.847809,מרכז
32.173787,34.836774,צפון
32.170974,34.844437,צפון
32.179053,34.825149,צפון
32.170629,34.843046,צפון
32.156698,34.851009,דרום
32.165992,34.850023,מרכז
32.182355,34.813826,מערב
32.161109,34.832106,מרכז
32.159434,34.837184,דרום
32.161951,34.82467,מרכז
32.158321,34.847828,דרום
32.160881,34.840605,מרכז
32.175026,34.83438,צפון
32.169539,34.843976,מרכז
32.158718,34.851041,דרום
32.168361,34.801721,מערב
32.171526,34.857466,מזרח
32.173219,34.8441,צפון
32.160155,34.841258,מרכז
32.167294,34.848245,מרכז
32.176525,34.855913,מזרח
32.149515,34.847581,דרום
32.159757,34.822382,הרצליה ב
32.161759,34.834815,מרכז
32.175542,34.831842,צפון
32.164531,34.844087,מרכז
32.173675,34.813988,מערב
32.163658,34.831198,מרכז
32.189151,34.809541,מחוץ לתחום
32.157261,34.83503,דרום
32.162034,34.827053,מרכז
32.170232,34.84216,צפון
32.167705,34.83913,מרכז
32.161539,34.828724,מרכז
32.173885,34.811791,מערב
32.170973,34.818619,צפון
32.166886,34.848855,מרכז
32.17446,34.846466,צפון
32.165746,34.840164,מרכז
32.176894,34.82013,צפון
32.171401,34.844675,צפון
32.158864,34.805673,מערב
32.178226,34.807941,מערב
32.184253,34.811576,מערב
32.816472,34.990357,מחוץ לתחום
32.179955,34.804664,מערב
32.166252,34.85057,מרכז
32.165392,34.842886,מרכז
32.157727,34.848047,דרום
32.165503,34.80694,מערב
32.167874,34.839864,מרכז
32.170521,34.818482,צפון
32.165292,34.839776,מרכז
32.17257,34.809241,מערב
32.169545,34.801562,מערב
32.16247,34.827689,מרכז
32.17471,34.840188,צפון
32.173972,34.854233,מזרח
32.169424,34.838389,מרכז
32.16451,34.834851,מרכז
32.170769,34.840142,צפון
32.172388,34.831456,צפון
32.17031,34.834923,צפון
32.163572,34.854767,מזרח
32.170953,34.815222,צפון
32.152229,34.840792,דרום
32.163278,34.84045,מרכז
32.170789,34.838627,צפון
32.179761,34.845478,צפון
32.165197,34.848343,מרכז
32.171291,34.857779,מזרח
32.162901,34.84599,מרכז
32.167678,34.840119,מרכז
32.163628,34.842307,מרכז
32.175083,34.830945,צפון
32.164488,34.842709,מרכז
32.176279,34.845702,צפון
32.161593,34.830159,מרכז
32.173697,34.812806,מערב
32.15874,34.819021,הרצליה ב
32.164689,34.834884,מרכז
32.172503,34.835948,צפון
32.161433,34.831396,מרכז
32.172314,34.808401,מערב
32.183616,34.809572,מערב
32.172921,34.832128,צפון
32.175061,34.854443,מזרח
32.184662,34.807112,מערב
32.167332,34.839182,מרכז
32.171979,34.842676,צפון
32.168217,34.836713,מרכז
32.174291,34.837586,צפון
32.171475,34.84289,צפון
32.161557,34.847459,מרכז
32.167928,34.842138,מרכז
32.1733,34.842794,צפון
32.162631,34.829785,מרכז
32.165647,34.849405,מרכז
32.165243,34.841064,מרכז
32.154208,34.839178,דרום
32.167688,34.843377,מרכז
32.167763,34.837019,מרכז
32.172006,34.841223,צפון
32.171282,34.829918,צפון
32.18544,34.838411,מחוץ לתחום
32.167144,34.829113,מרכז
32.161952,34.835157,מרכז
32.165368,34.836632,מרכז
32.167473,34.844602,מרכז
32.162142,34.795003,מערב
32.17127,34.843599,צפון
32.157425,34.85049,דרום
32.165857,34.836208,מרכז
32.163171,34.834832,מרכז
32.169684,34.853048,מזרח
32.170239,34.837421,צפון
32.170169,34.840222,צפון
32.168498,34.836909,מרכז
32.162099,34.845012,מרכז
32.171901,34.813749,מערב
32.169571,34.842313,מרכז
32.175742,34.810938,מערב
32.172791,34.830292,צפון
32.164749,34.805876,מערב
32.167558,34.838683,מרכז
32.173433,34.853526,מזרח
32.164487,34.803283,מערב
32.160064,34.842775,מרכז
32.160572,34.848456,מרכז
32.171307,34.833404,צפון
32.164367,34.845842,מרכז
32.151674,34.850288,דרום
32.16102,34.85816,מזרח
32.168315,34.856648,מזרח
32.17069,34.840941,צפון
32.156793,34.834886,דרום
32.164319,34.814581,מערב
32.167578,34.850588,מרכז
32.157853,34.818701,הרצליה ב
32.173148,34.837939,צפון
32.167217,34.857145,מזרח
32.171524,34.845502,צפון
32.155633,34.835734,דרום
32.167874,34.801609,מערב
32.16809,34.832855,מרכז
32.168535,34.826622,מרכז
32.175456,34.849169,צפון
32.161681,34.827317,מרכז
32.169698,34.840638,מרכז
32.166765,34.835623,מרכז
32.154833,34.840871,דרום
32.164539,34.845844,מרכז
32.163736,34.841044,מרכז
32.167327,34.85079,מרכז
32.161273,34.850669,מרכז
32.16664,34.802058,מערב
32.168778,34.839681,מרכז
32.158082,34.818455,הרצליה ב
32.168094,34.83754,מרכז
32.166011,34.847364,מרכז
32.172166,34.84495,צפון
32.164586,34.846436,מרכז
32.165062,34.845519,מרכז
32.167174,34.839523,מרכז
32.159551,34.863134,מזרח
32.183863,34.806789,מערב
32.171369,34.845557,צפון
32.168797,34.839155,מרכז
32.173873,34.845844,צפון
32.159602,34.850609,דרום
32.169113,34.839906,מרכז
32.166013,34.84623,מרכז
32.181076,34.808067,מערב
32.157861,34.844782,דרום
32.170942,34.839422,צפון
32.165855,34.846223,מרכז
32.165415,34.846206,מרכז
32.17582,34.817966,צפון
32.169252,34.843665,מרכז
32.175512,34.809029,מערב
32.181944,34.814792,מערב
32.171945,34.858368,מזרח
32.169835,34.811891,מערב
32.174184,34.847173,צפון
32.156167,34.848098,דרום
32.169021,34.847536,מרכז
32.176066,34.836547,צפון
32.171436,34.842682,צפון
32.167199,34.837553,מרכז
32.166782,34.838953,מרכז
32.16219,34.848058,מרכז
32.171517,34.836992,צפון
32.184436,34.808934,מערב
32.165487,34.858287,מזרח
32.17118,34.847538,צפון
32.185395,34.808666,מחוץ לתחום
32.187676,34.809228,מחוץ לתחום
32.160343,34.831403,מרכז
32.182064,34.804903,מערב
32.161156,34.849867,מרכז
32.185224,34.839053,מחוץ לתחום
32.168911,34.839482,מרכז
32.160497,34.825503,מרכז
32.167623,34.805782,מערב
32.161177,34.843567,מרכז
32.1764,34.808245,מערב
32.173223,34.837195,צפון
32.175379,34.850118,צפון
32.165235,34.857056,מזרח
32.169463,34.814783,מערב
32.161139,34.822646,מרכז
32.165542,34.838657,מרכז
32.165717,34.846213,מרכז
32.161732,34.86094,מזרח
32.16651,34.855558,מזרח
32.169093,34.834032,מרכז
32.166966,34.846379,מרכז
32.158783,34.836481,דרום
32.169729,34.833094,מרכז
32.16371,34.850203,מרכז
32.165238,34.838509,מרכז
32.175664,34.849906,צפון
32.169116,34.837801,מרכז
32.165224,34.803637,מערב
32.155487,34.835739,דרום
32.17581,34.850436,צפון
32.162431,34.826305,מרכז
32.177254,34.821672,צפון
32.160893,34.825256,מרכז
32.166154,34.846235,מרכז
32.170744,34.809042,מערב
32.170056,34.852558,מזרח
32.16227,34.842579,מרכז
32.165252,34.846949,מרכז
32.161175,34.835285,מרכז
32.17329,34.852752,מזרח
32.16294,34.842017,מרכז
32.18938,34.80899,מחוץ לתחום
32.154541,34.842646,דרום
32.157249,34.851942,דרום
32.169067,34.845574,מרכז
32.165019,34.848329,מרכז
32.189008,34.810087,מחוץ לתחום
32.164112,34.816458,מרכז
32.160916,34.840759,מרכז
32.178759,34.846617,צפון
32.171717,34.842627,צפון
32.159157,34.842102,דרום
32.156808,34.821339,הרצליה ב
32.171338,34.85614,מזרח
32.174837,34.841975,צפון
32.165138,34.861811,מזרח
32.16435,34.845533,מרכז
32.175526,34.83822,צפון
32.162518,34.852982,מזרח
32.155103,34.843743,דרום
32.158983,34.841147,דרום
32.171675,34.847599,צפון
32.165894,34.839301,מרכז
32.152615,34.850477,דרום
32.171149,34.841985,צפון
32.16349,34.808599,מערב
32.15538,34.843718,דרום
32.18071,34.813211,מערב
32.172995,34.843599,צפון
32.156233,34.841006,דרום
32.171553,34.829935,צפון
32.173924,34.810982,מערב
32.178423,34.817791,צפון
32.161759,34.825665,מרכז
32.166925,34.835223,מרכז
32.175542,34.830998,צפון
32.163917,34.85152,מרכז
32.17177,34.82994,צפון
32.157573,34.8186,הרצליה ב
32.168573,34.861531,מזרח
32.170084,34.834378,צפון
32.157354,34.844014,דרום
32.167759,34.84175,מרכז
32.170163,34.849146,צפון
32.174127,34.83735,צפון
32.160148,34.819329,מרכז
32.172441,34.837928,צפון
32.165882,34.831512,מרכז
32.163325,34.839315,מרכז
32.167656,34.831204,מרכז
32.168459,34.835021,מרכז
32.167022,34.808351,מערב
32.169578,34.841135,מרכז
32.170773,34.833251,צפון
32.162179,34.828063,מרכז
32.155726,34.842095,דרום
32.168627,34.846753,מרכז
32.156375,34.844152,דרום
32.173522,34.841155,צפון
32.154596,34.834042,דרום
32.161712,34.835622,מרכז
32.153103,34.841751,דרום
32.160641,34.84749,מרכז
32.172297,34.818748,צפון
32.163096,34.850906,מרכז
32.166077,34.835308,מרכז
32.167736,34.803862,מערב
32.165841,34.837996,מרכז
32.180681,34.805439,מערב
32.169945,34.842166,מרכז
32.166031,34.845421,מרכז
32.16028,34.814704,מערב
32.169436,34.843149,מרכז
32.159475,34.836814,דרום
32.178767,34.846385,צפון
32.155024,34.84156,דרום
32.164489,34.815174,מרכז
32.158183,34.81882,הרצליה ב
32.169262,34.843462,מרכז
32.17267,34.840719,צפון
32.170102,34.835024,צפון
32.170654,34.840331,צפון
32.16335,34.834719,מרכז
32.165466,34.801766,מערב
32.162852,34.842525,מרכז
32.168399,34.862103,מזרח
32.169366,34.841629,מרכז
32.162063,34.810814,מערב
32.164146,34.797402,מערב
32.169403,34.838995,מרכז
32.172735,34.837366,צפון
32.179981,34.843064,צפון
32.164821,34.819872,מרכז
32.161832,34.849774,מרכז
32.18316,34.806699,מערב
32.165109,34.814586,מערב
32.177264,34.848594,צפון
32.184555,34.81367,מערב
32.165655,34.860363,מזרח
32.163557,34.83951,מרכז
32.167826,34.837954,מרכז
32.16679,34.808949,מערב
32.165427,34.804418,מערב
32.155779,34.802378,מערב
32.167721,34.80569,מערב
32.166275,34.80451,מערב
32.162113,34.840703,מרכז
32.156566,34.846445,דרום
32.162673,34.839214,מרכז
32.185107,34.80869,מחוץ לתחום
32.163016,34.835116,מרכז
32.165189,34.851026,מרכז
32.165119,34.848077,מרכז
32.171728,34.829699,צפון
32.162833,34.840106,מרכז
32.167148,34.83792,מרכז
32.160127,34.837176,מרכז
32.170117,34.838102,צפון
32.172478,34.841818,צפון
32.154862,34.84076,דרום
32.160624,34.823025,מרכז
32.165583,34.846207,מרכז
32.1658,34.832984,מרכז
32.175053,34.847837,צפון
32.162083,34.833671,מרכז
32.175727,34.847569,צפון
32.16231,34.83495,מרכז
32.166865,34.846589,מרכז
32.156869,34.807347,מערב
32.168225,34.834829,מרכז
32.169311,34.802679,מערב
32.167422,34.808008,מערב
32.16837,34.844602,מרכז
32.16491,34.841587,מרכז
32.178853,34.819346,צפון
32.180085,34.815509,צפון
32.162444,34.831209,מרכז
32.175889,34.818637,צפון
32.167344,34.843981,מרכז
32.167684,34.830828,מרכז
32.154918,34.842226,דרום
32.157988,34.822457,הרצליה ב
32.174172,34.806629,מערב
32.182418,34.812901,מערב
32.159907,34.849437,דרום
32.178774,34.847093,צפון
32.169562,34.842751,מרכז
32.160808,34.844725,מרכז
32.167343,34.817444,מרכז
32.155839,34.843151,דרום
32.164231,34.815287,מרכז
32.183211,34.807852,מערב
32.167921,34.836003,מרכז
32.16899,34.838198,מרכז
32.178202,34.831661,צפון
32.174436,34.831361,צפון
32.17102,34.838885,צפון
32.171019,34.830499,צפון
32.170827,34.843987,צפון
32.170269,34.837114,צפון
32.170181,34.841408,צפון
32.168465,34.835266,מרכז
32.17264,34.836451,צפון
32.167374,34.840086,מרכז
32.167992,34.845653,מרכז
32.159248,34.79621,מערב
32.171222,34.813313,מערב
32.155145,34.847382,דרום
32.186842,34.80858,מחוץ לתחום
32.170032,34.834787,צפון
32.172254,34.857728,מזרח
32.177811,34.834693,צפון
32.16558,34.845796,מרכז
32.81026,34.994132,מחוץ לתחום
32.169388,34.847844,מרכז
32.177496,34.818966,צפון
32.186691,34.814215,מחוץ לתחום
32.165213,34.806525,מערב
32.171235,34.839619,צפון
32.166956,34.804054,מערב
32.163013,34.828403,מרכז
32.164951,34.812046,מערב
32.169023,34.846639,מרכז
32.169474,34.83757,מרכז
32.161597,34.807131,מערב
32.164223,34.848537,מרכז
32.171172,34.838683,צפון
32.156858,34.821009,הרצליה ב
32.17717,34.816918,צפון
32.809939,34.994562,מחוץ לתחום
32.169857,34.863196,מזרח
32.179199,34.814219,מערב
32.158537,34.817741,הרצליה ב
32.168934,34.837554,מרכז
32.173127,34.846032,צפון
32.179315,34.818871,צפון
32.167236,34.83699,מרכז
32.163192,34.80822,מערב
32.15591,34.842136,דרום
32.169163,34.841246,מרכז
32.175571,34.841245,צפון
32.165375,34.838367,מרכז
32.166014,34.83632,מרכז
32.16635,34.835825,מרכז
32.168278,34.837255,מרכז
32.170595,34.839508,צפון
32.16437,34.838276,מרכז
32.162778,34.834227,מרכז
32.169879,34.840242,מרכז
32.160824,34.821366,מרכז
32.1667,34.809907,מערב
32.162941000000004,34.808002,מערב
32.168531,34.839902,מרכז
32.179281,34.820094,צפון
32.166465,34.839562,מרכז
32.175915,34.849024,צפון
32.162245,34.815021,מרכז
32.15841,34.851086,דרום
32.169776,34.846685,מרכז
32.170048,34.843984,צפון
32.165403,34.841221,מרכז
32.171511,34.843091,צפון
32.167701,34.836577,מרכז
32.176006,34.851357,צפון
32.183045,34.812051,מערב
32.16105,34.842891,מרכז
32.176441,34.8425,צפון
32.166697,34.836299,מרכז
32.17108,34.812179,מערב
32.166914,34.8447,מרכז
32.174469,34.832738,צפון
32.161957,34.833006,מרכז
32.165149,34.824077,מרכז
32.16615,34.841357,מרכז
32.164981,34.854661,מזרח
32.167614,34.846764,מרכז
32.176084,34.850454,צפון
32.167976,34.839213,מרכז
32.172591,34.801579,מערב
32.162162,34.845879,מרכז
32.162048,34.845388,מרכז
32.167335,34.832853,מרכז
32.171852,34.840977,צפון
32.158257,34.817062,הרצליה ב
32.168976,34.842025,מרכז
32.161651,34.831593,מרכז
32.169323,34.84236,מרכז
32.174099,34.83229,צפון
32.17347,34.841911,צפון
32.166793,34.829324,מרכז
32.16615,34.84251,מרכז
32.173758,34.837288,צפון
32.152685,34.847374,דרום
32.166699,34.799971,מערב
32.178801,34.815179,צפון
32.161596,34.81852,מרכז
32.17315,34.85192,צפון
32.165824,34.854598,מזרח
32.170238,34.842641,צפון
32.154617,34.848117,דרום
32.166878,34.810455,מערב
32.165542,34.805379,מערב
32.170417,34.838132,צפון
32.175313,34.837692,צפון
32.164298,34.835217,מרכז
32.161341,34.810582,מערב
32.166927,34.836395,מרכז
32.166111,34.816934,מרכז
32.165352,34.852219,מזרח
32.171949,34.835977,צפון
32.171668,34.835811,צפון
32.165208,34.844231,מרכז
32.169589,34.81281,מערב
32.166944,34.844492,מרכז
32.153573,34.84776,דרום
32.17123,34.845525,צפון
32.166579,34.807874,מערב
32.16488,34.812514,מערב
32.166545,34.830628,מרכז
32.175227,34.843206,צפון
32.160557,34.850698,מרכז
32.166956,34.848556,מרכז
32.157511,34.848938,דרום
32.155269,34.843939,דרום
32.162827,34.828285,מרכז
32.151384,34.84272,דרום
32.164089,34.847157,מרכז
32.164479,34.835892,מרכז
32.172927,34.832079,צפון
32.170444,34.842913,צפון
32.175781,34.842707,צפון
32.17577,34.850913,צפון
32.158454,34.822651,הרצליה ב
32.164914,34.841198,מרכז
32.165457,34.846936,מרכז
32.168379,34.839646,מרכז
32.171492,34.810704,מערב
32.170246,34.80358,מערב
32.165585,34.815309,מרכז
32.176009,34.851256,צפון
32.15107,34.847113,דרום
32.168095,34.837213,מרכז
32.167616,34.850344,מרכז
32.15537,34.836709,דרום
32.17065,34.844473,צפון
32.169463,34.844428,מרכז
32.175401,34.84705,צפון
32.809565,34.994503,מחוץ לתחום
32.163486,34.829667,מרכז
32.166173,34.848405,מרכז
32.169745,34.84262,מרכז
32.170235,34.842838,צפון
32.169628,34.841086,מרכז
32.163678,34.840192,מרכז
32.172726,34.833008,צפון
32.170716,34.841629,צפון
32.1536,34.849691,דרום
32.167889,34.843374,מרכז
32.174477,34.841001,צפון
32.166984,34.844041,מרכז
32.17089,34.834104,צפון
32.17096,34.844253,צפון
32.175483,34.815307,צפון
32.15324,34.81675,הרצליה ב
32.161823,34.826833,מרכז
32.166034,34.808334,מערב
32.161046,34.810405,מערב
32.164887,34.835139,מרכז
32.171462,34.844454,צפון
32.172104,34.809792,מערב
32.160935,34.818036,מרכז
32.162303,34.831416,מרכז
32.163067,34.843008,מרכז
32.167976,34.809145,מערב
32.167901,34.85193,מרכז
32.171017,34.844615,צפון
32.166257,34.83554,מרכז
32.158065,34.821974,הרצליה ב
32.169131,34.841861,מרכז
32.155874,34.806588,מערב
32.170515,34.840502,צפון
32.172932,34.843972,צפון
32.166112,34.862943,מזרח
32.166586,34.807543,מערב
32.168963,34.833675,מרכז
32.170888,34.839093,צפון
32.166443,34.835979,מרכז
32.183452,34.808265,מערב
32.17543,34.846216,צפון
32.173459,34.848319,צפון
32.164058,34.848643,מרכז
32.16166,34.810011,מערב
32.16731,34.823887,מרכז
32.174638,34.841762,צפון
32.175847,34.85414,מזרח
32.158908,34.822683,הרצליה ב
32.164563,34.819372,מרכז
32.156758,34.821671,הרצליה ב
32.165903,34.848377,מרכז
32.170639,34.835342,צפון
32.171625,34.845066,צפון
32.165408,34.805973,מערב
32.168681,34.843178,מרכז
32.166282,34.838828,מרכז
32.168206,34.840767,מרכז
32.16478,34.839381,מרכז
32.167369,34.846995,מרכז
32.166773,34.845824,מרכז
32.164096,34.84552,מרכז
32.168199,34.859879,מזרח
32.163128,34.834683,מרכז
32.162033,34.806387,מערב
32.165393,34.841,מרכז
32.162413,34.809509,מערב
32.184722,34.807003,מערב
32.168407,34.84674,מרכז
32.172295,34.852831,מזרח
32.171103,34.842423,צפון
32.176763,34.852061,מזרח
32.160871,34.842466,מרכז
32.164451,34.84179,מרכז
32.165105,34.842082,מרכז
32.166753,34.830251,מרכז
32.165836,34.842047,מרכז
32.178413,34.812505,מערב
32.166569,34.836128,מרכז
32.165842,34.840804,מרכז
32.164804,34.847956,מרכז
32.168203,34.837008,מרכז
32.161282,34.82818,מרכז
32.168493,34.83545,מרכז
32.168657,34.84649,מרכז
32.168963,34.840977,מרכז
32.154852,34.848754,דרום
32.1687,34.83337,מרכז
32.17064,34.861186,מזרח
32.157274,34.822221,הרצליה ב
32.170412,34.816482,צפון
32.173649,34.838715,צפון
32.174928,34.840459,צפון
32.165596,34.838114,מרכז
32.173638,34.843162,צפון
32.156647,34.835616,דרום
32.155495,34.841115,דרום
32.162787,34.845455,מרכז
32.168504,34.837599,מרכז
32.179846,34.813658,מערב
32.168592,34.841154,מרכז
32.166372,34.840626,מרכז
32.165808,34.838447,מרכז
32.16502,34.841914,מרכז
32.169468,34.838656,מרכז
32.170194,34.832922,צפון
32.173425,34.838195,צפון
32.168735,34.860242,מזרח
32.175848,34.849961,צפון
32.160893,34.827835,מרכז
32.168813,34.837315,מרכז
32.18837,34.808396,מחוץ לתחום
32.168367,34.862084,מזרח
32.172822,34.818602,צפון
32.161026,34.824423,מרכז
32.166791,34.837353,מרכז
32.173564,34.848936,צפון
32.173142,34.852156,מזרח
32.167963,34.857591,מזרח
32.169009,34.84477,מרכז
32.169902,34.844425,מרכז
32.162741,34.834471,מרכז
32.165486,34.838256,מרכז
32.170636,34.815702,צפון
32.163057,34.843211,מרכז
32.163188,34.843565,מרכז
32.164079,34.847561,מרכז
32.163348,34.845484,מרכז
32.153828,34.842047,דרום
32.165644,34.846524,מרכז
32.165488,34.850677,מרכז
32.166988,34.840646,מרכז
32.162797,34.827093,מרכז
32.18343,34.836653,צפון
32.16639,34.838962,מרכז
32.164461,34.855761,מזרח
32.186695,34.808932,מחוץ לתחום
32.166997,34.838691,מרכז
32.179595,34.817013,צפון
32.17292,34.846201,צפון
32.155981,34.851374,דרום
32.171453,34.841602,צפון
32.168768,34.817037,מרכז
32.168344,34.836586,מרכז
32.164405,34.818836,מרכז
32.170673,34.84126,צפון
32.158367,34.848443,דרום
32.169776,34.846893,מרכז
32.159388,34.79537,מערב
32.16086,34.83435,מרכז
32.167327,34.845644,מרכז
32.166543,34.835241,מרכז
32.167414,34.836017,מרכז
32.155084,34.842664,דרום
32.154249,34.842653,דרום
32.16309,34.815024,מרכז
32.17098,34.841863,צפון
32.16676,34.840639,מרכז
32.173145,34.831816,צפון
32.159743,34.807005,מערב
32.169263,34.804091,מערב
32.163775,34.835268,מרכז
32.165433,34.839977,מרכז
32.175383,34.803114,מערב
32.164984,34.833825,מרכז
32.164429,34.839683,מרכז
32.169876,34.843605,מרכז
32.163522,34.835213,מרכז
32.1643,34.841405,מרכז
32.155707,34.801055,מערב
32.172542,34.842336,צפון
32.162237,34.815136,מרכז
32.166984,34.835882,מרכז
32.17468,34.813395,מערב
32.159958,34.841277,דרום
32.16661,34.843944,מרכז
32.171704,34.8028,מערב
32.161511,34.842939,מרכז
32.163005,34.840026,מרכז
32.156529,34.842157,דרום
32.177568,34.844712,צפון
32.171217,34.847937,צפון
32.170806,34.841129,צפון
32.172422,34.832933,צפון
32.161225,34.828655,מרכז
32.160427,34.845377,מרכז
32.152439,34.841477,דרום
32.167822,34.855654,מזרח
32.16759,34.837469,מרכז
32.169857,34.862781,מזרח
32.154689,34.836663,דרום
32.160916,34.8454,מרכז
32.163059,34.809558,מערב
32.158108,34.842707,דרום
32.165356,34.834145,מרכז
32.158501,34.822306,הרצליה ב
32.154274,34.836991,דרום
32.150465,34.848642,דרום
32.166331,34.812403,מערב
32.165068,34.842349,מרכז
32.169114,34.845225,מרכז
32.172608,34.844776,צפון
32.170712,34.832066,צפון
32.174572,34.838764,צפון
32.163783,34.795876,מערב
32.16611,34.828705,מרכז
32.163563,34.845815,מרכז
32.164931,34.848643,מרכז
32.16747,34.846599,מרכז
32.163742,34.839801,מרכז
32.1615,34.830765,מרכז
32.162941000000004,34.806545,מערב
32.175463,34.832489,צפון
32.15839,34.842103,דרום
32.168657,34.842407,מרכז
32.166997,34.807884,מערב
32.164708,34.841489,מרכז
32.173929,34.84728,צפון
32.169311,34.834865,מרכז
32.176388,34.848272,צפון
32.157691,34.849499,דרום
32.169704,34.861609,מזרח
32.156415,34.836345,דרום
32.160393,34.814414,מערב
32.165791,34.836733,מרכז
32.172944,34.83905,צפון
32.170337,34.840111,צפון
32.173639,34.842855,צפון
32.175445,34.839121,צפון
32.170703,34.854316,מזרח
32.178143,34.850209,צפון
32.171555,34.836638,צפון
32.165334,34.83887,מרכז
32.168071,34.84015,מרכז
32.161654,34.829736,מרכז
32.174087,34.856739,מזרח
32.162147,34.829778,מרכז
32.165536,34.836848,מרכז
32.167362,34.846762,מרכז
32.171071,34.843042,צפון
32.15338,34.84114,דרום
32.168166,34.841869,מרכז
32.175869,34.819443,צפון
32.160816,34.809821,מערב
32.175161,34.853958,מזרח
32.163073,34.8081,מערב
32.161052,34.806616,מערב
32.163752,34.846233,מרכז
32.153549,34.838974,דרום
32.165368,34.862669,מזרח
32.163325,34.842309,מרכז
32.174678,34.841326,צפון
32.164156,34.821675,מרכז
32.16184,34.841496,מרכז
32.179136,34.821014,צפון
32.166602,34.844113,מרכז
32.169102,34.806235,מערב
32.172397,34.83291,צפון
32.17225,34.84543,צפון
32.167369,34.845884,מרכז
32.171947,34.830459,צפון
32.162004,34.828853,מרכז
32.175042,34.853956,מזרח
32.184068,34.837074,צפון
32.163636,34.848912,מרכז
32.163452,34.805416,מערב
32.160627,34.842248,מרכז
32.177656,34.815314,צפון
32.168787,34.834919,מרכז
32.157342,34.841127,דרום
32.164476,34.8558,מזרח
32.16969,34.844429,מרכז
32.166159,34.841096,מרכז
32.170059,34.818171,צפון
32.161611,34.826409,מרכז
32.163426,34.845805,מרכז
32.173696,34.80682,מערב
32.166463,34.83371,מרכז
32.161222,34.832399,מרכז
32.168377,34.83438,מרכז
32.163508,34.839788,מרכז
32.165549,34.839618,מרכז
32.169919,34.842412,מרכז
32.152795,34.849525,דרום
32.154948,34.849513,דרום
32.159748,34.851381,דרום
32.167042,34.838073,מרכז
32.171277,34.841511,צפון
32.167829,34.817541,מרכז
32.173704,34.837982,צפון
32.162101,34.841652,מרכז
32.172903,34.83874,צפון
32.169955,34.839366,מרכז
32.16514,34.833608,מרכז
32.171054,34.842629,צפון
32.170871,34.843555,צפון
32.157417,34.834805,דרום
32.156146,34.838773,דרום
32.158456,34.85137,דרום
32.160866,34.841696,מרכז
32.167143,34.839724,מרכז
32.169361,34.839648,מרכז
32.158598,34.821616,הרצליה ב
32.152724,34.841065,דרום
32.165345,34.846502,מרכז
32.167279,34.851226,מרכז
32.164235,34.839875,מרכז
32.170891,34.840462,צפון
32.81001,34.994428,מחוץ לתחום
32.161033,34.817801,מרכז
32.167566,34.844268,מרכז
32.165873,34.845784,מרכז
32.165189,34.842864,מרכז
32.167367,34.842981,מרכז
32.164844,34.828434,מרכז
32.166617,34.857247,מזרח
32.156641,34.850087,דרום
32.164102,34.815941,מרכז
32.164085,34.846251,מרכז
32.17513,34.804715,מערב
32.162898,34.793734,מערב
32.156129,34.842051,דרום
32.172543,34.843967,צפון
32.156937,34.834754,דרום
32.163061,34.831588,מרכז
32.167991,34.857302,מזרח
32.175163,34.833527,צפון
32.166454,34.837218,מרכז
32.172561,34.845826,צפון
32.184308,34.80715,מערב
32.163391,34.83012,מרכז
32.178596,34.811321,מערב
32.169436,34.834662,מרכז
32.175868,34.830343,צפון
32.175659,34.818668,צפון
32.166532,34.83824,מרכז
32.181628,34.812623,מערב
32.160714,34.816358,מרכז
32.169942,34.843162,מרכז
32.165462,34.8055,מערב
32.176266,34.849103,צפון
32.159405,34.849867,דרום
32.171464,34.844279,צפון
32.172628,34.835028,צפון
32.165727,34.845791,מרכז
32.162035,34.83486,מרכז
32.159143,34.822874,הרצליה ב
32.15783,34.848131,דרום
32.170348,34.844436,צפון
32.171778,34.845049,צפון
32.161458,34.863055,מזרח
32.170291,34.80319,מערב
32.167779,34.844659,מרכז
32.169028,34.847024,מרכז
32.169416,34.841364,מרכז
32.174844,34.814576,מערב
32.169938,34.836099,מרכז
32.176185,34.84939,צפון
32.168316,34.844209,מרכז
32.17753,34.852925,מזרח
32.17269,34.843591,צפון
32.810352,34.993927,מחוץ לתחום
32.170144,34.840946,צפון
32.159434,34.822659,הרצליה ב
32.184809,34.808825,מערב
32.166813,34.843647,מרכז
32.162169,34.814612,מערב
32.165182,34.846498,מרכז
32.161539,34.796042,מערב
32.162127,34.833249,מרכז
32.165864,34.846952,מרכז
32.176901,34.84567,צפון
32.158727,34.835771,דרום
32.166828,34.838983,מרכז
32.167408,34.846319,מרכז
32.170268,34.808081,מערב
32.167126,34.838586,מרכז
32.173312,34.812157,מערב
32.154561,34.836193,דרום
32.165182,34.838999,מרכז
32.17657,34.83978,צפון
32.173545,34.820396,צפון
32.172227,34.84104,צפון
32.163339,34.83965,מרכז
32.171808,34.843538,צפון
32.176741,34.819708,צפון
32.171824,34.829672,צפון
32.170712,34.843567,צפון
32.168439,34.83691,מרכז
32.171102,34.835105,צפון
32.161479,34.829337,מרכז
32.180214,34.808347,מערב
32.169489,34.834286,מרכז
32.167379,34.844264,מרכז
32.177267,34.854528,מזרח
32.165554,34.840919,מרכז
32.167521,34.840642,מרכז
32.160361,34.857919,מזרח
32.15502,34.817083,הרצליה ב
32.168949,34.840285,מרכז
32.166595,34.845819,מרכז
32.172269,34.842761,צפון
32.17347,34.841234,צפון
32.158466,34.818922,הרצליה ב
32.15979,34.843648,דרום
32.158153,34.821469,הרצליה ב
32.170289,34.836772,צפון
32.174167,34.81465,מערב
32.166908,34.839131,מרכז
32.171981,34.832039,צפון
32.164727,34.812539,מערב
32.173518,34.841351,צפון
32.15823,34.817558,הרצליה ב
32.163556,34.811999,מערב
32.160256,34.837992,מרכז
32.166155,34.849166,מרכז
32.170399,34.831502,צפון
32.174382,34.852468,מזרח
32.162897,34.838643,מרכז
32.170221,34.84819,צפון
32.174254,34.842869,צפון
32.166531,34.840655,מרכז
32.161715,34.826026,מרכז
32.161776,34.808137,מערב
32.165658,34.848316,מרכז
32.173083,34.843974,צפון
32.161527,34.841314,מרכז
32.166661,34.82895,מרכז
32.170995,34.848014,צפון
32.176989,34.842616,צפון
32.16263,34.844885,מרכז
32.166233,34.836955,מרכז
32.169969,34.832762,מרכז
32.159326,34.821877,הרצליה ב
32.164811,34.834995,מרכז
32.168392,34.852977,מזרח
32.173901,34.834534,צפון
32.168869,34.843991,מרכז
32.168946,34.833416,מרכז
32.172703,34.842765,צפון
32.16721,34.842747,מרכז
32.164269,34.846499,מרכז
32.169017,34.846831,מרכז
32.166589,34.837555,מרכז
32.160343,34.847798,מרכז
32.171951,34.800593,מערב
32.161153,34.839984,מרכז
32.167572,34.838417,מרכז
32.170743,34.833737,צפון
32.17024,34.843266,צפון
32.16153,34.83847,מרכז
32.159055,34.818165,הרצליה ב
32.168058,34.84649,מרכז
32.169118,34.839179,מרכז
32.17059,34.84419,צפון
32.164253,34.84904,מרכז
32.167221,34.836509,מרכז
32.172113,34.814381,מערב
32.164034,34.807854,מערב
32.159454,34.850297,דרום
32.170758,34.845218,צפון
32.167357,34.837107,מרכז
32.816164,34.991072,מחוץ לתחום
32.169174,34.838634,מרכז
32.175795,34.838796,צפון
32.171064,34.842842,צפון
32.167258,34.840475,מרכז
32.171225,34.830302,צפון
32.161286,34.828979,מרכז
32.161333,34.827686,מרכז
32.16683,34.840408,מרכז
32.171342,34.813452,מערב
32.187532,34.8114,מחוץ לתחום
32.168842,34.835862,מרכז
32.161152,34.82523,מרכז
32.168939,34.847209,מרכז
32.170598,34.83693,צפון
32.159221,34.842117,דרום
32.177275,34.850667,צפון
32.164909,34.802851,מערב
32.164103,34.829898,מרכז
32.170487,34.839054,צפון
32.166126,34.838453,מרכז
32.173348,34.8423,צפון
32.164018,34.840945,מרכז
32.160572,34.842891,מרכז
32.169234,34.84081,מרכז
32.169113,34.84254,מרכז
32.166655,34.847705,מרכז
32.170577,34.840799,צפון
32.171197,34.845379,צפון
32.169021,34.847989,מרכז
32.171938,34.845134,צפון
32.162052,34.827475,מרכז
32.166446,34.845646,מרכז
32.166168,34.841733,מרכז
32.176145,34.810582,מערב
32.17303,34.837383,צפון
32.175915,34.812137,מערב
32.163243,34.814478,מערב
32.157064,34.822165,הרצליה ב
32.170839,34.841779,צפון
32.159213,34.822445,הרצליה ב
32.15904,34.84983,דרום
32.16503,34.846929,מרכז
32.16373,34.845822,מרכז
32.171401,34.84503,צפון
32.167435,34.838781,מרכז
32.162866,34.8406,מרכז
32.164239,34.834635,מרכז
32.168539,34.829924,מרכז
32.168789,34.828385,מרכז
32.166264,34.837373,מרכז
32.180227,34.816915,צפון
32.166517,34.837379,מרכז
32.160937,34.830953,מרכז
32.1698,34.839191,מרכז
32.156895,34.84266,דרום
32.151396,34.848448,דרום
32.153487,34.848614,דרום
32.158665,34.806667,מערב
32.160286,34.831407,מרכז
32.152833,34.841395,דרום
32.153827,34.841355,דרום
32.162337,34.806594,מערב
32.153105,34.842652,דרום
32.162932,34.845457,מרכז
32.168114,34.842144,מרכז
32.167097,34.841002,מרכז
32.166398,34.83677,מרכז
32.165852,34.841797,מרכז
32.1667,34.83826,מרכז
32.179344,34.820586,צפון
32.163511,34.840277,מרכז
32.167764,34.837277,מרכז
32.157858,34.82138,הרצליה ב
32.178597,34.828002,צפון
32.156667,34.84159,דרום
32.159663,34.822706,הרצליה ב
32.163916,34.798135,מערב
32.17134,34.82953,צפון
32.165784,34.846529,מרכז
32.161178,34.808875,מערב
32.170237,34.839799,צפון
32.164584,34.811471,מערב
32.169911,34.841067,מרכז
32.810179,34.993388,מחוץ לתחום
32.170613,34.843266,צפון
32.176009,34.831144,צפון
32.162093,34.847365,מרכז
32.163092,34.845809,מרכז
32.164526,34.844542,מרכז
32.153195,34.846595,דרום
32.168886,34.82486,מרכז
32.16821,34.841501,מרכז
32.167845,34.836828,מרכז
32.161717,34.847324,מרכז
32.163259,34.835158,מרכז
32.157684,34.803791,מערב
32.16222,34.845399,מרכז
32.166996,34.839301,מרכז
32.154305,34.837483,דרום
32.165581,34.829496,מרכז
32.164853,34.848456,מרכז
32.167721,34.815401,מרכז
32.163635,34.8325,מרכז
